{
	"partitions" : [
		{
			"name" : "Top",
			"pins" : [
				{
					"name" : "SCL",
					"strict" : false
				},
				{
					"name" : "XOUT",
					"strict" : false
				},
				{
					"name" : "YOUT",
					"strict" : false
				},
				{
					"name" : "CLK",
					"strict" : false
				},
				{
					"name" : "CLK50M",
					"strict" : false
				},
				{
					"name" : "RST",
					"strict" : false
				},
				{
					"name" : "SEL[0]",
					"strict" : false
				},
				{
					"name" : "SEL[1]",
					"strict" : false
				},
				{
					"name" : "SEL[3]",
					"strict" : false
				},
				{
					"name" : "SEL[2]",
					"strict" : false
				}
			]
		}
	]
}